Comment,Designator,Footprint,LCSC,Quantity
0.1u,C13,C_0201_0603Metric,C66938,1
10,R5,R_0402_1005Metric,C25077,1
100n,"C1,C10,C14,C15,C18,C2,C20,C21,C23,C26,C27,C28,C29,C3,C31,C36,C37,C39,C40",C_0201_0603Metric,C66938,19
100p,C30,C_0201_0603Metric,C62550,1
10M,R22,R_0201_0603Metric,C470889,1
10k,"R1,R19,R2,R20",R_0201_0603Metric,C98098,4
10n,C4,C_0402_1005Metric,C1524,1
10u,"C22,C24,C25,C35",C_0402_1005Metric,C15525,4
1M,R15,R_0201_0603Metric,C102686,1
1u,C38,C_0201_0603Metric,C53067,1
2.2u,"L5,L7",L_0805_2012Metric,C98033,2
200k,R18,R_0201_0603Metric,C138163,1
267k,R13,R_0201_0603Metric,C423627,1
27n,L1,L_0402_1005Metric,C12669,1
325,"R8,R9",R_0201_0603Metric,C100175,2
4.7u,"C33,C7,C8",C_0201_0603Metric,C335103,3
5.1k,"R3,R4",R_0201_0603Metric,C163490,2
500k,R16,R_0201_0603Metric,C158436,1
50m,R23,R_0201_0603Metric,C42144,1
725,R7,R_0201_0603Metric,C138124,1
74AUP1G08GS_132,U1,XSON6_SOT1202_NEX,C554940,1
80M,R21,R_0201_0603Metric,C423539,1
8p,"C16,C17",C_0201_0603Metric,C85917,2
900,R6,R_0201_0603Metric,C158303,1
909,R14,R_0201_0603Metric,C474301,1
BMI270,U16,BMI270_BOS,C2836813,1
BMP581,U14,BMP581,C5362283,1
CM9V-T1A-32.768KHZ-7PF-20PPM-TA-QC,Y1,XTAL_CM9V-T1A-32.768KHZ-7PF-20PPM-TA-QC,C5341288,1
Conn_01x02,J5,Hirose_DF57H-2P-1.2V_1x02_P1.2mm_Socket,C202104,1
Conn_Coaxial,J2,U.FL_Hirose_U.FL-R-SMT-1_Vertical,C88373,1
LTC2944IDD#PBF,U6,DFN-8_L3.0-W3.0-P0.50-BL-EP,C683669,1
MAX-M10S,U4,ublox_MAX,C4153167,1
PCA9306DQER,U8,X2SON-8_L1.4-W1.0-P0.35-BL,C440032,1
PMX100UNZ,"Q1,Q2,Q3,Q4",PMX100UNZ,C20235855,4
STM32U575RGTx,U5,LQFP-64_10x10mm_P0.5mm,C5270980,1
T117_C19284874,U3,TDFN-6_L2.0-W2.0-P0.65-TL-EP,C19284874,1
TLV3691IDPFR,"IC1,IC2",TLV3691IDPFR,C140305,2
TMUX1511RSVR,U7,UTQFN-16_L2.6-W1.8-P0.40-BL,C2673275,1
TPS62840DLCR,"IC3,IC4",SON50P150X200X100-8N-D,C2071859,2
USB_C_Receptacle,J1,USB_C_Receptacle_Amphenol_12401610E4-2A_CircularHoles,C464604,1
XZCDGK53W-1VF,D3,LED_0603_1608Metric,C5246833,1
XZCFBB53W-1VF,D4,LED_0603_1608Metric,C5200747,1
XZCM2CRK53WA-1VF,D1,LED_0603_1608Metric,C241893,1
XZCM2CYK53WA-1VF,D2,LED_0603_1608Metric,C2900143,1
~,U2,BGA153N50P14X14_1150X1300X80,C5821038,1
