"Id";"Designator";"Footprint";"Quantity";"Designation";"Supplier and ref";
1;"BT1, BT2, BT3";"BAT_2996";3;"2996";;;
2;"C1, C2, C3, C10, C15, C18, C20, C21, C23, C29, C36, C37, C39, C40";"C_0201_0603Metric";14;"100n";;;
3;"C7, C8, C11";"C_0201_0603Metric";3;"4.7u";;;
4;"C13";"C_0201_0603Metric";1;"0.1u";;;
5;"C16, C17";"C_0201_0603Metric";2;"8p";;;
6;"C19, C22, C24, C25, C30, C35";"C_0201_0603Metric";6;"10u";;;
7;"C38";"C_0201_0603Metric";1;"1u";;;
8;"C41, C42";"C_0201_0603Metric";2;"2.2u";;;
9;"CN2";"PinSocket_2x03_P2.54mm_Vertical_SMD";1;"POGOPIN_2X04_P2.54_M";;;
10;"D1";"LED_0201_0603Metric";1;"XZCM2CRK53WA-1VF";;;
11;"D2";"LED_0201_0603Metric";1;"XZCM2CYK53WA-1VF";;;
12;"D3";"LED_0201_0603Metric";1;"XZCDGK53W-1VF";;;
13;"D4";"LED_0201_0603Metric";1;"XZCFBB53W-1VF";;;
14;"IC1, IC2";"TLV3691IDPFR";2;"TLV3691IDPFR";;;
15;"IC3, IC4";"SON50P150X200X100-8N-D";2;"TPS62840DLCR";;;
16;"IC5, IC6";"TS3A5018RSVR";2;"TS3A5018RSVR";;;
17;"J1";"USB_C_Receptacle_Amphenol_12401610E4-2A_CircularHoles";1;"USB_C_Receptacle";;;
18;"J2";"U.FL_Hirose_U.FL-R-SMT-1_Vertical";1;"Conn_Coaxial";;;
19;"J3";"USB_Mini-B_Lumberg_2486_01_Horizontal";1;"USB_B_Mini";;;
20;"J4";"USB_A_Molex_48037-2200_Horizontal";1;"USB_A";;;
21;"J5";"Hirose_DF57H-2P-1.2V_1x02_P1.2mm_Socket";1;"Conn_01x02";;;
22;"L1";"L_0201_0603Metric";1;"100n";;;
23;"L4, L5, L6, L7";"L_0201_0603Metric";4;"2.2u";;;
24;"P1";"USB_C_Plug_ShenzhenJingTuoJin_918-118A2021Y40002_Vertical";1;"USB_C_Plug";;;
25;"Q1, Q2, Q3, Q4";"PMX100UNZ";4;"PMX100UNZ";;;
26;"R1, R2, R12";"R_0201_0603Metric";3;"10k";;;
27;"R3, R4";"R_0201_0603Metric";2;"5.1k";;;
28;"R5, R14";"R_0201_0603Metric";2;"56k";;;
29;"R6";"R_0201_0603Metric";1;"900";;;
30;"R7";"R_0201_0603Metric";1;"725";;;
31;"R8, R9";"R_0201_0603Metric";2;"325";;;
32;"R13";"R_0201_0603Metric";1;"267k";;;
33;"R15";"R_0201_0603Metric";1;"1M";;;
34;"R16";"R_0201_0603Metric";1;"500k";;;
35;"R21";"R_0201_0603Metric";1;"80M";;;
36;"R22";"R_0201_0603Metric";1;"10M";;;
37;"SW1";"SW_SPST_B3U-1000P";1;"SW_Push";;;
38;"U2";"BGA153N50P14X14_1150X1300X80";1;"~";;;
39;"U3";"DPW0005A_TEX";1;"SN74AUP1G08DPWR";;;
40;"U4";"ublox_MAX";1;"MAX-M10S";;;
41;"U7";"DFN-6-1EP_3x2mm_P0.5mm_EP1.65x1.35mm";1;"LTC2941IDCB-1#TRMPBF";;;
42;"U8";"LQFP-64_10x10mm_P0.5mm";1;"STM32U585RITxQ";;;
43;"U11";"BGA6C40P2X3_102X150X52";1;"AS6221T-AWLT";;;
44;"U14";"BMP581";1;"BMP581";;;
45;"U16";"BMI270_BOS";1;"BMI270";;;
46;"U18";"BGA6N40P3X2_146X96X50N";1;"TPS62840YBGR";;;
47;"Y1";"XTAL_CM9V-T1A-32.768KHZ-7PF-20PPM-TA-QC";1;"CM9V-T1A-32.768KHZ-7PF-20PPM-TA-QC";;;
