Ref,Val,Package,PosX,PosY,Rot,Side
"C3","100n","C_0201_0603Metric",102.910000,-59.265000,-90.000000,bottom
"C16","8p","C_0201_0603Metric",104.370000,-41.470000,90.000000,bottom
"C17","8p","C_0201_0603Metric",106.540000,-38.510000,-90.000000,bottom
"C28","100n","C_0201_0603Metric",98.745000,-57.450000,180.000000,bottom
"C29","100n","C_0201_0603Metric",89.020000,-39.620000,90.000000,bottom
"C30","10u","C_0402_1005Metric",93.740000,-50.530000,0.000000,bottom
"C31","100n","C_0201_0603Metric",95.640000,-53.720000,90.000000,bottom
"C32","100n","C_0201_0603Metric",99.795000,-59.970000,0.000000,bottom
"C35","10u","C_0402_1005Metric",99.320000,-51.180000,180.000000,bottom
"C36","100n","C_0201_0603Metric",103.690000,-45.210000,-90.000000,bottom
"C37","100n","C_0201_0603Metric",102.095000,-35.990000,180.000000,bottom
"C38","1u","C_0201_0603Metric",104.800000,-45.220000,-90.000000,bottom
"C39","100n","C_0201_0603Metric",90.490000,-48.485000,90.000000,bottom
"C40","100n","C_0201_0603Metric",99.330000,-50.370000,180.000000,bottom
"C41","2.2u","C_0201_0603Metric",99.410000,-35.450000,0.000000,bottom
"C42","2.2u","C_0201_0603Metric",90.870000,-50.500000,90.000000,bottom
"IC2","TLV3691IDPFR","TLV3691IDPFR",100.800000,-55.385000,-90.000000,bottom
"IC5","TS3A5018RSVR","TS3A5018RSVR",94.905000,-59.700000,90.000000,bottom
"IC6","TS3A5018RSVR","TS3A5018RSVR",90.975000,-55.640000,90.000000,bottom
"L6","2.2u","L_0805_2012Metric",93.400000,-51.840000,180.000000,bottom
"Q1","PMX100UNZ","PMX100UNZ",113.119000,-39.091500,90.000000,bottom
"Q2","PMX100UNZ","PMX100UNZ",113.899000,-39.089500,90.000000,bottom
"Q3","PMX100UNZ","PMX100UNZ",114.669000,-39.106500,90.000000,bottom
"Q4","PMX100UNZ","PMX100UNZ",115.549000,-39.102500,90.000000,bottom
"R6","900","R_0201_0603Metric",112.830000,-37.412500,90.000000,bottom
"R7","725","R_0201_0603Metric",113.760000,-37.432500,90.000000,bottom
"R8","325","R_0201_0603Metric",114.760000,-37.482500,90.000000,bottom
"R9","325","R_0201_0603Metric",115.790000,-37.492500,90.000000,bottom
"R15","1M","R_0201_0603Metric",106.815000,-42.345000,180.000000,bottom
"R16","500k","R_0201_0603Metric",106.800000,-43.160000,0.000000,bottom
"U2","NSEC3T016-IT","BGA153N50P14X14_1150X1300X80",110.490000,-53.960000,0.000000,bottom
"U8","STM32U585RITxQ","LQFP-64_10x10mm_P0.5mm",96.325000,-43.140000,180.000000,bottom
"Y1","CM9V-T1A-32.768KHZ-7PF-20PPM-TA-QC","XTAL_CM9V-T1A-32.768KHZ-7PF-20PPM-TA-QC",106.635000,-40.750000,90.000000,bottom
"BT1","2996","BAT_2996",53.910000,-85.722500,180.000000,top
"BT2","2996","BAT_2996",64.010000,-71.510000,0.000000,top
"BT3","2996","BAT_2996",72.770000,-85.722500,180.000000,top
"C1","100n","C_0201_0603Metric",106.420000,-57.725000,90.000000,top
"C2","100n","C_0201_0603Metric",106.410000,-56.150000,90.000000,top
"C4","10n","C_0402_1005Metric",114.340000,-59.530000,-90.000000,top
"C7","4.7u","C_0201_0603Metric",101.570000,-47.470000,90.000000,top
"C8","4.7u","C_0201_0603Metric",97.310000,-48.390000,90.000000,top
"C10","100n","C_0201_0603Metric",103.069600,-37.083900,0.000000,top
"C11","4.7u","C_0201_0603Metric",70.320000,-45.670000,90.000000,top
"C13","0.1u","C_0201_0603Metric",103.510000,-55.775000,0.000000,top
"C15","100n","C_0201_0603Metric",103.044600,-36.213900,0.000000,top
"C18","100n","C_0201_0603Metric",105.814600,-45.003900,180.000000,top
"C19","10u","C_0402_1005Metric",74.575000,-44.120000,180.000000,top
"C20","100n","C_0201_0603Metric",104.244600,-45.053900,180.000000,top
"C21","100n","C_0201_0603Metric",109.845000,-41.990000,0.000000,top
"C22","10u","C_0402_1005Metric",109.865000,-42.860000,0.000000,top
"C23","100n","C_0201_0603Metric",99.779600,-42.978900,-90.000000,top
"C24","10u","C_0402_1005Metric",104.445000,-46.675000,180.000000,top
"C25","10u","C_0402_1005Metric",99.540000,-46.730000,180.000000,top
"C26","100n","C_0201_0603Metric",89.255000,-46.380000,180.000000,top
"C27","100n","C_0201_0603Metric",93.480000,-44.575000,90.000000,top
"CN2","POGOPIN_2X04_P2.54_M","PinHeader_2x03_P2.54mm_Vertical",66.650000,-42.800000,90.000000,top
"D+1","MountingHole_Pad","TestPoint_Pad_1.5x1.5mm",79.630000,-48.140000,0.000000,top
"D-1","MountingHole_Pad","TestPoint_Pad_1.5x1.5mm",79.630000,-44.120000,0.000000,top
"D1","XZCM2CRK53WA-1VF","LED_0603_1608Metric",112.300000,-38.900000,-90.000000,top
"D2","XZCM2CYK53WA-1VF","LED_0603_1608Metric",113.900000,-38.900000,-90.000000,top
"D3","XZCDGK53W-1VF","LED_0603_1608Metric",115.450000,-38.900000,-90.000000,top
"D4","XZCFBB53W-1VF","LED_0603_1608Metric",117.040000,-38.900000,-90.000000,top
"GND1","MountingHole_Pad","TestPoint_Pad_1.5x1.5mm",79.550000,-56.530000,0.000000,top
"IC1","TLV3691IDPFR","TLV3691IDPFR",91.665000,-47.725000,90.000000,top
"IC3","TPS62840DLCR","SON50P150X200X100-8N-D",103.570000,-48.190000,0.000000,top
"IC4","TPS62840DLCR","SON50P150X200X100-8N-D",99.420000,-48.920000,0.000000,top
"ID1","MountingHole_Pad","TestPoint_Pad_1.5x1.5mm",79.550000,-52.160000,0.000000,top
"J1","USB_C_Receptacle","USB_C_Receptacle_Amphenol_12401610E4-2A_CircularHoles",93.635000,-56.140000,0.000000,top
"J2","Conn_Coaxial","U.FL_Hirose_U.FL-R-SMT-1_Vertical",109.270000,-60.030000,-90.000000,top
"J3","USB_B_Mini","USB_Mini-B_Lumberg_2486_01_Horizontal",68.800000,-52.450000,0.000000,top
"J4","UP32-C-F-G-FL-3-P24-TR","USB-TH-TYPE-C_00702-UCAM002-X",57.635000,-51.900000,-90.000000,top
"J5","Conn_01x02","Hirose_DF57H-2P-1.2V_1x02_P1.2mm_Socket",103.770000,-58.980000,0.000000,top
"J6","Conn_01x02","Hirose_DF57H-2P-1.2V_1x02_P1.2mm_Socket",64.105000,-97.770000,0.000000,top
"J7","Conn_01x02","Hirose_DF57H-2P-1.2V_1x02_P1.2mm_Socket",70.700000,-97.527500,0.000000,top
"L1","27n","L_0402_1005Metric",114.280000,-56.850000,180.000000,top
"L4","2.2u","L_0805_2012Metric",76.420000,-44.620000,90.000000,top
"L5","2.2u","L_0805_2012Metric",106.220000,-48.767500,-90.000000,top
"L7","2.2u","L_0805_2012Metric",102.020000,-51.017500,-90.000000,top
"R1","10k","R_0201_0603Metric",101.570000,-38.900000,90.000000,top
"R2","10k","R_0201_0603Metric",100.279600,-40.773900,180.000000,top
"R3","5.1k","R_0201_0603Metric",87.750000,-49.230000,90.000000,top
"R4","5.1k","R_0201_0603Metric",99.965000,-55.850000,-90.000000,top
"R5","10","R_0402_1005Metric",116.260000,-59.110000,180.000000,top
"R10","56k","R_0201_0603Metric",61.030000,-52.260000,90.000000,top
"R12","10k","R_0201_0603Metric",63.740000,-44.890000,180.000000,top
"R13","267k","R_0201_0603Metric",104.420000,-50.040000,0.000000,top
"R17","56k","R_0201_0603Metric",54.610000,-50.845000,-90.000000,top
"R21","80M","R_0201_0603Metric",95.700000,-46.380000,-90.000000,top
"R22","10M","R_0201_0603Metric",96.385000,-49.225000,-90.000000,top
"SW1","SW_Push","SW_SPST_B3U-1000P",75.490000,-40.430000,-90.000000,top
"U3","SN74AUP1G08DPWR","DPW0005A_TEX",93.995000,-46.486300,90.000000,top
"U4","MAX-M10S","ublox_MAX",112.580000,-49.640000,-90.000000,top
"U7","LTC2941IDCB-1#TRMPBF","DFN-6-1EP_3x2mm_P0.5mm_EP1.65x1.35mm",104.640000,-52.980000,90.000000,top
"U11","AS6221T-AWLT","BGA6C40P2X3_102X150X52",101.219600,-42.923900,0.000000,top
"U14","BMP581","BMP581",103.289600,-38.851400,90.000000,top
"U16","BMI270","BMI270_BOS",104.656100,-43.013901,0.000000,top
"U18","TPS62840YBGR","BGA6N40P3X2_146X96X50N",73.150000,-45.780000,0.000000,top
"VBUS1","MountingHole_Pad","TestPoint_Pad_1.5x1.5mm",79.790000,-40.180000,0.000000,top
